,Empresa,Nombre completo,Categoria,Producto,Reemplazo,Precio
0,Alain Afflelou,ACUVUE® OASYS MAX 1-Day - 30L,Lentes de contacto,Acuvue,Diarias,40.0
1,Alain Afflelou,AIR OPTIX AQUA ESFÉRICA - 3L,Lentes de contacto,Air Optix,Mensual,31.0
2,Alain Afflelou,AIR OPTIX NIGHT & DAY - 6L,Lentes de contacto,Air Optix,Mensual,77.0
3,Alain Afflelou,AIR OPTIX NIGHT & DAY - 6L,Lentes de contacto,Air Optix,Mensual,77.0
4,Alain Afflelou,AIR OPTIX ESFÉRICA AQUA - 6L,Lentes de contacto,Air Optix,Mensual,48.5
5,Alain Afflelou,Air Optix Colors 2 L,Lentes de contacto,Air Optix,Mensual,26.0
6,Alain Afflelou,AIR OPTIX PLUS HYDRAGLYDE  - 3L,Lentes de contacto,Air Optix,Mensual,31.0
7,Alain Afflelou,ACUVUE OASYS MULTIFOCAL 6 L,Lentes de contacto,Acuvue,Quincenal,45.0
8,Alain Afflelou,1 DAY ACUVUE® MOIST® MULTIFOCAL 90P,Lentes de contacto,Acuvue,Diarias,90.0
9,Alain Afflelou,TOTAL 30 MENSUALES - 6L,Lentes de contacto,total 30,Mensual,57.0
10,Alain Afflelou,L'EPHEMERE AQUA PROTECT MENSUALES - 3L,Lentes de contacto,Marca Propia,Mensual,28.0
11,Alain Afflelou,CLEARCOLOR PHANTOM DIARIAS  BLANCOangelical- 2L,Lentes de contacto,Marca Propia,Diarias,18.0
12,Alain Afflelou,CLEARCOLOR PHANTOM DIARIAS AZUL- 2L,Lentes de contacto,Marca Propia,Diarias,18.0
13,Alain Afflelou,CLEARCOLOR PHANTOM DIARIAS - 2L,Lentes de contacto,Marca Propia,Diarias,18.0
14,Alain Afflelou,CLEARCOLOR PHANTOM DIARIAS - 2L,Lentes de contacto,Marca Propia,Diarias,18.0
15,Alain Afflelou,CLEARCOLOR PHANTOM DIARIAS- 2L,Lentes de contacto,Marca Propia,Diarias,18.0
16,Alain Afflelou,CLEARCOLOR PHANTOM DIARIAS - 2L,Lentes de contacto,Marca Propia,Diarias,18.0
17,Alain Afflelou,L'EPHEMERE CONFORT PLUS MULTIFOCAL DIARIAS - 30L,Lentes de contacto,Marca Propia,Diarias,32.0
18,Alain Afflelou,L'EPHEMERE CONFORT PLUS TÓRICA DIARIA - 30L,Lentes de contacto,Marca Propia,Diarias,29.0
19,Alain Afflelou,L'EPHEMERE AIR CONFORT MULTIFOCAL MENSUALES  - 3L,Lentes de contacto,Marca Propia,Mensual,40.0
20,Alain Afflelou,L'EPHEMERE AIR CONFORT MULTIFOCAL MENSUALES  - 6L,Lentes de contacto,Marca Propia,Mensual,80.0
21,Alain Afflelou,L'EPHEMERE AQUA TORIC MENSUALES - 6L,Lentes de contacto,Marca Propia,Mensual,70.0
22,Alain Afflelou,L'EPHEMERE AIR CONFORT TORIC MENSUALES  - 3L,Lentes de contacto,Marca Propia,Mensual,35.0
23,Alain Afflelou,L'EPHEMERE AIR CONFORT MENSUALES - 3L,Lentes de contacto,Marca Propia,Mensual,20.0
24,Alain Afflelou,1 DAYACUVUE® MOIST FOR ASTIGMATISM 30P,Lentes de contacto,Acuvue,Diarias,34.0
25,Alain Afflelou,Acuvue® Oasys® 1 Day for Astigmatism 30P,Lentes de contacto,Acuvue,Diarias,40.0
26,Alain Afflelou,Acuvue® Oasys® 1 Day 30P,Lentes de contacto,Acuvue,Diarias,35.0
27,Alain Afflelou,1 Day Acuvue® Moist® Multifocal 30P,Lentes de contacto,Acuvue,Diarias,37.0
28,Alain Afflelou,L'EPHEMERE CONFORT DIARIAS - 30L,Lentes de contacto,Marca Propia,Diarias,15.0
29,Alain Afflelou,AIROPTIX HYDRAGLYDE MENSUALES - 6L,Lentes de contacto,Air Optix,Mensual,48.0
30,Alain Afflelou,Air Optix Hydraglyde Multifocal MENSUALES - 3L,Lentes de contacto,Air Optix,Mensual,44.0
31,Alain Afflelou,Air Optix Hydraglyde Multifocal MENSUALES - 6L,Lentes de contacto,Air Optix,Mensual,78.0
32,Alain Afflelou,AIR OPTIX HYDRAGLYDE FOR ASTIGMATISM - 3L,Lentes de contacto,Air Optix,Mensual,44.0
33,Alain Afflelou,Air Optix Hydraglyde for Astigmatism 6L,Lentes de contacto,Air Optix,Mensual,80.0
34,Alain Afflelou,L'EPHEMERE EASY MENSUALES - 6L,Lentes de contacto,Marca Propia,Mensual,30.0
35,Alain Afflelou,L'EPHEMERE AQUA MENSUALES - 6L,Lentes de contacto,Marca Propia,Mensual,40.0
36,Alain Afflelou,L'EPHEMERE AQUA MENSUALES - 3L,Lentes de contacto,Marca Propia,Mensual,20.0
37,Alain Afflelou,L'EPHEMERE AQUA MULTIFOCAL D MENSUALES - 3L,Lentes de contacto,Marca Propia,Mensual,40.0
38,Alain Afflelou,L'EPHEMERE AQUA MULTIFOCAL N MENSUALES - 3L,Lentes de contacto,Marca Propia,Mensual,40.0
39,Alain Afflelou,L'EPHEMERE AQUA TORIC MENSUALES - 3L,Lentes de contacto,Marca Propia,Mensual,35.0
40,Alain Afflelou,Dailies AquaComfort Plus 30L,Lentes de contacto,Dailies,Diarias,23.0
41,Alain Afflelou,Dailies AquaComfort Plus 90L,Lentes de contacto,Dailies,Diarias,60.0
42,Alain Afflelou,Dailies AquaComfort Plus Multifocal 30L,Lentes de contacto,Dailies,Diarias,42.0
43,Alain Afflelou,Dailies AquaComfort Plus Toric 30L,Lentes de contacto,Dailies,Diarias,42.0
44,Alain Afflelou,Dailies Total 1 DIARIAS - 30L,Lentes de contacto,Dailies,Diarias,35.0
45,Alain Afflelou,Dailies Total 1 DIARIAS - 90L,Lentes de contacto,Dailies,Diarias,99.0
46,Alain Afflelou,Dailies Total 1 Multifocal 30L,Lentes de contacto,Dailies,Diarias,53.0
47,Alain Afflelou,Dailies Total 1 Multifocal 90L,Lentes de contacto,Dailies,Diarias,150.0
48,Alain Afflelou,L'EPHEMERE AQUA DIARIAS - 30L,Lentes de contacto,Marca Propia,Diarias,20.0
49,Alain Afflelou,L'EPHEMERE AQUA DIARIAS TORIC - 30L,Lentes de contacto,Marca Propia,Diarias,29.0
50,Alain Afflelou,L'EPHEMERE AQUA DIARIAS MULTIFOCAL - 30L,Lentes de contacto,Marca Propia,Diarias,32.0
51,Alain Afflelou,L'EPHEMERE AQUA DIARIAS MULTIFOCAL - 30L,Lentes de contacto,Marca Propia,Diarias,32.0
52,Alain Afflelou,L'EPHEMERE CONFORT PLUS ESFÉRICA DIARIA - 30L,Lentes de contacto,Marca Propia,Diarias,15.0
53,Alain Afflelou,L'EPHEMERE BASIC MENSUALES - 6L,Lentes de contacto,Marca Propia,Mensual,25.0
54,Alain Afflelou,Afflelou AFFLELOU FORTY SOLAR COLOR CAREY,Ofertas montura + cristales,Marca Propia,,39.0
55,Alain Afflelou,Afflelou FORTY FILTRO LUZ AZUL - NEGRO,Ofertas montura + cristales,Marca Propia,,39.0
56,Alain Afflelou,Afflelou BLUE BLOCK 1 MIXTE,Ofertas montura + cristales,Marca Propia,,39.0
57,Alain Afflelou,Afflelou ROMY,Ofertas montura + cristales,Marca Propia,,99.0
58,Alain Afflelou,Afflelou CARLA,Ofertas montura + cristales,Marca Propia,,99.0
59,Alain Afflelou,Afflelou BETSY,Ofertas montura + cristales,Marca Propia,,99.0
60,Alain Afflelou,Afflelou MAGIC ARNO,Ofertas montura + cristales,Marca Propia,,99.0
61,Alain Afflelou,Afflelou MAGIC TOM,Ofertas montura + cristales,Marca Propia,,99.0
62,Alain Afflelou,Afflelou MAGIC AYDEN,Ofertas montura + cristales,Marca Propia,,99.0
63,Alain Afflelou,Afflelou MAGIC ACHILLE,Ofertas montura + cristales,Marca Propia,,99.0
64,Alain Afflelou,Afflelou MAGIC JAMES,Ofertas montura + cristales,Marca Propia,,99.0
65,Alain Afflelou,Afflelou MAGIC ANGELO,Ofertas montura + cristales,Marca Propia,,99.0
66,Alain Afflelou,Afflelou MAGIC MARINE,Ofertas montura + cristales,Marca Propia,,99.0
67,Alain Afflelou,Afflelou MAGIC LEA,Ofertas montura + cristales,Marca Propia,,99.0
68,Alain Afflelou,Afflelou MAGIC LEON,Ofertas montura + cristales,Marca Propia,,99.0
69,Alain Afflelou,Afflelou MAGIC ISALINE,Ofertas montura + cristales,Marca Propia,,99.0
70,Alain Afflelou,Afflelou MAGIC SAMSON,Ofertas montura + cristales,Marca Propia,,99.0
71,Alain Afflelou,Afflelou MAGIC TIM,Ofertas montura + cristales,Marca Propia,,99.0
72,Alain Afflelou,Afflelou MAGIC IRIS,Ofertas montura + cristales,Marca Propia,,99.0
73,Alain Afflelou,Afflelou MAGIC GASPARD,Ofertas montura + cristales,Marca Propia,,99.0
74,Alain Afflelou,Afflelou MAGIC ARTHUR,Ofertas montura + cristales,Marca Propia,,99.0
75,Alain Afflelou,Afflelou MAGIC MARCUS,Ofertas montura + cristales,Marca Propia,,99.0
76,Alain Afflelou,Afflelou MAGIC MIKA,Ofertas montura + cristales,Marca Propia,,99.0
77,Alain Afflelou,Afflelou MAGIC MAVERICK,Ofertas montura + cristales,Marca Propia,,99.0
78,Alain Afflelou,Afflelou MAGIC TAHINA,Ofertas montura + cristales,Marca Propia,,99.0
79,Alain Afflelou,Afflelou MAGIC MAELY,Ofertas montura + cristales,Marca Propia,,99.0
80,Alain Afflelou,Afflelou MAGIC SOHANE,Ofertas montura + cristales,Marca Propia,,99.0
81,Alain Afflelou,Afflelou MAGIC MAREVA,Ofertas montura + cristales,Marca Propia,,99.0
82,Alain Afflelou,Afflelou MAGIC JIMMY,Ofertas montura + cristales,Marca Propia,,99.0
83,Alain Afflelou,Afflelou MAGIC GAELLA,Ofertas montura + cristales,Marca Propia,,99.0
84,Alain Afflelou,Afflelou MAGIC VALENTINA,Ofertas montura + cristales,Marca Propia,,99.0
85,Alain Afflelou,Afflelou MAGIC PALOMA,Ofertas montura + cristales,Marca Propia,,99.0
86,Alain Afflelou,Afflelou MAGIC KELLY,Ofertas montura + cristales,Marca Propia,,99.0
87,Alain Afflelou,Afflelou MAGIC RAPHAEL,Ofertas montura + cristales,Marca Propia,,99.0
88,Alain Afflelou,Afflelou MAGIC JULES,Ofertas montura + cristales,Marca Propia,,99.0
89,Alain Afflelou,Afflelou MAGIC PHILIPPE,Ofertas montura + cristales,Marca Propia,,99.0
90,Alain Afflelou,Afflelou MAGIC XAVIER,Ofertas montura + cristales,Marca Propia,,99.0
91,Alain Afflelou,Afflelou MAGIC LEO,Ofertas montura + cristales,Marca Propia,,99.0
92,Alain Afflelou,Afflelou MAGIC CAMILLA,Ofertas montura + cristales,Marca Propia,,99.0
93,Alain Afflelou,Afflelou MAGIC LUDIVINE,Ofertas montura + cristales,Marca Propia,,99.0
94,Alain Afflelou,Afflelou MAGIC MAUREEN,Ofertas montura + cristales,Marca Propia,,99.0
95,Alain Afflelou,Afflelou MAGIC JUDITH,Ofertas montura + cristales,Marca Propia,,99.0
96,Alain Afflelou,Afflelou MAGIC GOBAIN,Ofertas montura + cristales,Marca Propia,,99.0
97,Alain Afflelou,Afflelou MAGIC BABETH,Ofertas montura + cristales,Marca Propia,,99.0
98,Alain Afflelou,Afflelou MAGIC JAMY,Ofertas montura + cristales,Marca Propia,,99.0
99,Alain Afflelou,Afflelou MAGIC GEOFFROY,Ofertas montura + cristales,Marca Propia,,99.0
100,Alain Afflelou,Afflelou MAGIC YVES,Ofertas montura + cristales,Marca Propia,,99.0
101,Alain Afflelou,Afflelou MAGIC KAY,Ofertas montura + cristales,Marca Propia,,99.0
102,Alain Afflelou,Afflelou MAGIC JILL,Ofertas montura + cristales,Marca Propia,,99.0
103,Alain Afflelou,Afflelou MAGIC TANIA,Ofertas montura + cristales,Marca Propia,,99.0
104,Alain Afflelou,Afflelou MAGIC OCTAVE,Ofertas montura + cristales,Marca Propia,,99.0
105,Alain Afflelou,Afflelou MAGIC TARA,Ofertas montura + cristales,Marca Propia,,99.0
106,Alain Afflelou,Afflelou MAGIC GABBY,Ofertas montura + cristales,Marca Propia,,99.0
107,Alain Afflelou,Afflelou MAGIC CELESTE,Ofertas montura + cristales,Marca Propia,,99.0
108,Alain Afflelou,Afflelou MAGIC VICTORIA,Ofertas montura + cristales,Marca Propia,,99.0
109,Alain Afflelou,Afflelou MAGIC VIVIEN,Ofertas montura + cristales,Marca Propia,,99.0
110,Alain Afflelou,Afflelou MAGIC DAMIEN,Ofertas montura + cristales,Marca Propia,,99.0
111,Alain Afflelou,Afflelou MAGIC MOANA,Ofertas montura + cristales,Marca Propia,,99.0
112,Alain Afflelou,Afflelou MARCELLO,Ofertas montura + cristales,Marca Propia,,99.0
113,Alain Afflelou,Afflelou MATYS,Ofertas montura + cristales,Marca Propia,,99.0
114,Alain Afflelou,Afflelou DUNE,Ofertas montura + cristales,Marca Propia,,99.0
115,Alain Afflelou,Afflelou COLOGNY,Ofertas montura + cristales,Marca Propia,,99.0
116,Alain Afflelou,Afflelou ALEXANE,Ofertas montura + cristales,Marca Propia,,99.0
117,Alain Afflelou,Afflelou KEYLA,Ofertas montura + cristales,Marca Propia,,99.0
118,Alain Afflelou,Afflelou ALBANE,Ofertas montura + cristales,Marca Propia,,99.0
119,Alain Afflelou,Afflelou NOELA,Ofertas montura + cristales,Marca Propia,,99.0
120,Alain Afflelou,Afflelou DIMITRI,Ofertas montura + cristales,Marca Propia,,99.0
121,Alain Afflelou,Afflelou CASTILLE,Ofertas montura + cristales,Marca Propia,,99.0
122,Alain Afflelou,Afflelou CEYLAN,Ofertas montura + cristales,Marca Propia,,99.0
123,Alain Afflelou,Afflelou TRACY,Ofertas montura + cristales,Marca Propia,,99.0
124,Alain Afflelou,Afflelou VIOLETTE,Ofertas montura + cristales,Marca Propia,,99.0
125,Alain Afflelou,Afflelou MAGIC LOUIS,Ofertas montura + cristales,Marca Propia,,99.0
126,Alain Afflelou,Afflelou MAGIC SOAN,Ofertas montura + cristales,Marca Propia,,99.0
127,Alain Afflelou,Afflelou ALBAN,Ofertas montura + cristales,Marca Propia,,99.0
128,Alain Afflelou,Afflelou MAGIC BLANCA,Ofertas montura + cristales,Marca Propia,,99.0
129,Alain Afflelou,Afflelou MAGIC NELSON,Ofertas montura + cristales,Marca Propia,,99.0
130,Alain Afflelou,Afflelou MAGIC DARCY,Ofertas montura + cristales,Marca Propia,,99.0
131,Alain Afflelou,Afflelou MAGIC FINN,Ofertas montura + cristales,Marca Propia,,99.0
132,Alain Afflelou,Afflelou MAGIC BABY,Ofertas montura + cristales,Marca Propia,,99.0
133,Alain Afflelou,Afflelou FLOOPY,Ofertas montura + cristales,Marca Propia,,99.0
134,Alain Afflelou,Afflelou MILAN,Ofertas montura + cristales,Marca Propia,,99.0
135,Alain Afflelou,Afflelou RFOC1,Ofertas montura + cristales,Marca Propia,,109.0
136,Alain Afflelou,Afflelou RFOJ1,Ofertas montura + cristales,Marca Propia,,109.0
137,Alain Afflelou,Afflelou RFOJ2,Ofertas montura + cristales,Marca Propia,,109.0
138,Alain Afflelou,Afflelou RFOJ3,Ofertas montura + cristales,Marca Propia,,109.0
139,Alain Afflelou,Afflelou RFOJ4,Ofertas montura + cristales,Marca Propia,,109.0
140,Alain Afflelou,Afflelou RFOJ5,Ofertas montura + cristales,Marca Propia,,109.0
141,Alain Afflelou,Afflelou MAGIC 46,Ofertas montura + cristales,Marca Propia,,119.0
142,Alain Afflelou,Afflelou MAGIC 47,Ofertas montura + cristales,Marca Propia,,119.0
143,Alain Afflelou,Afflelou MAGIC 48,Ofertas montura + cristales,Marca Propia,,119.0
144,Alain Afflelou,Afflelou MAGIC 49,Ofertas montura + cristales,Marca Propia,,119.0
145,Alain Afflelou,Afflelou MAGIC 50,Ofertas montura + cristales,Marca Propia,,119.0
146,Alain Afflelou,Afflelou MARS,Ofertas montura + cristales,Marca Propia,,129.0
147,Alain Afflelou,Afflelou VENUS,Ofertas montura + cristales,Marca Propia,,129.0
148,Alain Afflelou,Afflelou VIVALDI,Ofertas montura + cristales,Marca Propia,,129.0
149,Alain Afflelou,Afflelou RAVEL,Ofertas montura + cristales,Marca Propia,,129.0
150,Alain Afflelou,Afflelou BACH,Ofertas montura + cristales,Marca Propia,,129.0
151,Alain Afflelou,Afflelou BRAHMS,Ofertas montura + cristales,Marca Propia,,129.0
152,Alain Afflelou,Afflelou MOZART,Ofertas montura + cristales,Marca Propia,,129.0
153,Alain Afflelou,Afflelou DEBUSSY,Ofertas montura + cristales,Marca Propia,,129.0
154,Alain Afflelou,Afflelou OXYGEN,Ofertas montura + cristales,Marca Propia,,129.0
155,Alain Afflelou,Afflelou NEON,Ofertas montura + cristales,Marca Propia,,129.0
156,Alain Afflelou,Afflelou ARGON,Ofertas montura + cristales,Marca Propia,,129.0
157,Alain Afflelou,Afflelou NERD,Ofertas montura + cristales,Marca Propia,,129.0
158,Alain Afflelou,Afflelou LIKE,Ofertas montura + cristales,Marca Propia,,129.0
159,Alain Afflelou,Afflelou MOOD,Ofertas montura + cristales,Marca Propia,,129.0
160,Alain Afflelou,Afflelou DUDE,Ofertas montura + cristales,Marca Propia,,129.0
161,Alain Afflelou,Afflelou JUNGLE,Ofertas montura + cristales,Marca Propia,,129.0
162,Alain Afflelou,Afflelou BLISS,Ofertas montura + cristales,Marca Propia,,129.0
163,Alain Afflelou,Afflelou MAGIC 29 BLUE BLOCK,Ofertas montura + cristales,Marca Propia,,149.0
164,Alain Afflelou,Afflelou MAGIC 32,Ofertas montura + cristales,Marca Propia,,149.0
165,Alain Afflelou,Afflelou MAGIC 35,Ofertas montura + cristales,Marca Propia,,149.0
166,Alain Afflelou,Afflelou MAGIC 36,Ofertas montura + cristales,Marca Propia,,149.0
167,Alain Afflelou,Afflelou MAGIC 38,Ofertas montura + cristales,Marca Propia,,149.0
168,Alain Afflelou,Afflelou MAGIC 39,Ofertas montura + cristales,Marca Propia,,149.0
169,Alain Afflelou,Afflelou MAGIC 45,Ofertas montura + cristales,Marca Propia,,149.0
170,Alain Afflelou,Afflelou MAGIC 59,Ofertas montura + cristales,Marca Propia,,149.0
171,Alain Afflelou,Afflelou MAGIC 60,Ofertas montura + cristales,Marca Propia,,149.0
172,Alain Afflelou,Afflelou MAGIC 62,Ofertas montura + cristales,Marca Propia,,149.0
173,Alain Afflelou,Afflelou MAGIC 64,Ofertas montura + cristales,Marca Propia,,149.0
174,Alain Afflelou,Afflelou MAGIC 77,Ofertas montura + cristales,Marca Propia,,149.0
175,Alain Afflelou,Afflelou MAGIC 78,Ofertas montura + cristales,Marca Propia,,149.0
176,Alain Afflelou,Afflelou MAGIC 37,Ofertas montura + cristales,Marca Propia,,159.0
177,Alain Afflelou,Afflelou MAGIC 70,Ofertas montura + cristales,Marca Propia,,159.0
178,Alain Afflelou,Afflelou MAGIC 13,Ofertas montura + cristales,Marca Propia,,159.0
179,Alain Afflelou,Afflelou MAGIC 108,Ofertas montura + cristales,Marca Propia,,159.0
180,Alain Afflelou,Afflelou MAGIC 105,Ofertas montura + cristales,Marca Propia,,159.0
181,Alain Afflelou,Afflelou MAGIC 104,Ofertas montura + cristales,Marca Propia,,159.0
182,Alain Afflelou,Afflelou MAGIC 109,Ofertas montura + cristales,Marca Propia,,159.0
183,Alain Afflelou,Afflelou MAGIC 110,Ofertas montura + cristales,Marca Propia,,159.0
184,Alain Afflelou,Afflelou MAGIC 112,Ofertas montura + cristales,Marca Propia,,159.0
185,Alain Afflelou,Afflelou MAGIC 113,Ofertas montura + cristales,Marca Propia,,159.0
186,Alain Afflelou,Afflelou MAGIC 115,Ofertas montura + cristales,Marca Propia,,159.0
187,Alain Afflelou,Afflelou MAGIC 130,Ofertas montura + cristales,Marca Propia,,159.0
188,Alain Afflelou,Afflelou MAGIC 123,Ofertas montura + cristales,Marca Propia,,159.0
189,Alain Afflelou,Afflelou MAGIC 119,Ofertas montura + cristales,Marca Propia,,159.0
190,Alain Afflelou,Afflelou MAGIC 120,Ofertas montura + cristales,Marca Propia,,159.0
191,Alain Afflelou,Afflelou MAGIC 116,Ofertas montura + cristales,Marca Propia,,159.0
192,Alain Afflelou,Afflelou MAGIC 117,Ofertas montura + cristales,Marca Propia,,159.0
193,Alain Afflelou,Afflelou MAGIC 118,Ofertas montura + cristales,Marca Propia,,159.0
194,Alain Afflelou,Afflelou MAGIC 97,Ofertas montura + cristales,Marca Propia,,159.0
195,Alain Afflelou,Afflelou MAGIC 96,Ofertas montura + cristales,Marca Propia,,159.0
196,Alain Afflelou,Afflelou MAGIC 95,Ofertas montura + cristales,Marca Propia,,159.0
197,Alain Afflelou,Afflelou MAGIC 94,Ofertas montura + cristales,Marca Propia,,159.0
198,Alain Afflelou,Opti-Free Puremoist Bi-Pack 2x300ml,Líquidos,Opti-Free,,31.3
199,Alain Afflelou,Opti-Free Express 355ml,Líquidos,Opti-Free,,13.45
200,Alain Afflelou,L’ÉPHÉMÈRE GOTAS HUMECTANTES (multidosis),Líquidos,Marca Propia,,5.5
201,Alain Afflelou,L’ÉPHÉMÈRE GOTAS HUMECTANTES (monodosis),Líquidos,Marca Propia,,7.5
202,Alain Afflelou,Opti-Free Puremoist 300ml,Líquidos,Opti-Free,,15.5
203,Greyhounders,Vincent,Ofertas montura + cristales,Marca Propia,,39.0
204,Greyhounders,Land,Ofertas montura + cristales,Marca Propia,,49.0
205,Greyhounders,Goudie,Ofertas montura + cristales,Marca Propia,,29.0
206,Greyhounders,Rodas,Ofertas montura + cristales,Marca Propia,,49.0
207,Greyhounders,Francis,Ofertas montura + cristales,Marca Propia,,59.0
208,Greyhounders,Boss,Ofertas montura + cristales,Marca Propia,,39.0
209,Greyhounders,Dahlia,Ofertas montura + cristales,Marca Propia,,39.0
210,Greyhounders,Blake,Ofertas montura + cristales,Marca Propia,,49.0
211,Greyhounders,Florian,Ofertas montura + cristales,Marca Propia,,59.0
212,Greyhounders,Jude,Ofertas montura + cristales,Marca Propia,,49.0
213,Greyhounders,Aylen,Ofertas montura + cristales,Marca Propia,,29.0
214,Greyhounders,Roxanne,Ofertas montura + cristales,Marca Propia,,39.0
215,Greyhounders,Clay,Ofertas montura + cristales,Marca Propia,,49.0
216,Greyhounders,Alisha,Ofertas montura + cristales,Marca Propia,,29.0
217,Greyhounders,Astrid,Ofertas montura + cristales,Marca Propia,,59.0
218,Greyhounders,Harold,Ofertas montura + cristales,Marca Propia,,59.0
219,Greyhounders,Amelia,Ofertas montura + cristales,Marca Propia,,59.0
220,Greyhounders,Ziggy,Ofertas montura + cristales,Marca Propia,,39.0
221,Greyhounders,James,Ofertas montura + cristales,Marca Propia,,49.0
222,Greyhounders,Kent,Ofertas montura + cristales,Marca Propia,,59.0
223,Greyhounders,Lulu,Ofertas montura + cristales,Marca Propia,,39.0
224,Greyhounders,Bruno,Ofertas montura + cristales,Marca Propia,,49.0
225,Greyhounders,Jade,Ofertas montura + cristales,Marca Propia,,39.0
226,Greyhounders,Megan,Ofertas montura + cristales,Marca Propia,,39.0
227,Greyhounders,Jack,Ofertas montura + cristales,Marca Propia,,59.0
228,Greyhounders,Ingrid,Ofertas montura + cristales,Marca Propia,,59.0
229,Greyhounders,Cameron,Ofertas montura + cristales,Marca Propia,,49.0
230,Greyhounders,Coralie,Ofertas montura + cristales,Marca Propia,,49.0
231,Greyhounders,Mia,Ofertas montura + cristales,Marca Propia,,49.0
232,Greyhounders,Finn,Ofertas montura + cristales,Marca Propia,,39.0
233,Greyhounders,Zoe,Ofertas montura + cristales,Marca Propia,,49.0
234,Greyhounders,Dafne,Ofertas montura + cristales,Marca Propia,,39.0
235,Greyhounders,Ezra,Ofertas montura + cristales,Marca Propia,,29.0
236,Greyhounders,Lris,Ofertas montura + cristales,Marca Propia,,39.0
237,Greyhounders,Anne,Ofertas montura + cristales,Marca Propia,,39.0
238,Greyhounders,Alan,Ofertas montura + cristales,Marca Propia,,59.0
239,Greyhounders,Willow,Ofertas montura + cristales,Marca Propia,,29.0
240,Greyhounders,Cleo,Ofertas montura + cristales,Marca Propia,,39.0
241,Greyhounders,Renee,Ofertas montura + cristales,Marca Propia,,39.0
242,Greyhounders,Flare,Ofertas montura + cristales,Marca Propia,,39.0
243,Greyhounders,Bruce,Ofertas montura + cristales,Marca Propia,,49.0
244,Greyhounders,Michelle Purple,Ofertas montura + cristales,Marca Propia,,29.0
245,Greyhounders,Murdock,Ofertas montura + cristales,Marca Propia,,39.0
246,Greyhounders,Lana,Ofertas montura + cristales,Marca Propia,,29.0
247,Greyhounders,Groovy,Ofertas montura + cristales,Marca Propia,,39.0
248,Greyhounders,Luna,Ofertas montura + cristales,Marca Propia,,39.0
249,Greyhounders,Oliver,Ofertas montura + cristales,Marca Propia,,39.0
250,Greyhounders,Phoebe,Ofertas montura + cristales,Marca Propia,,29.0
251,Greyhounders,Arlo,Ofertas montura + cristales,Marca Propia,,29.0
252,Greyhounders,Hans,Ofertas montura + cristales,Marca Propia,,59.0
253,Greyhounders,Neil,Ofertas montura + cristales,Marca Propia,,29.0
254,Greyhounders,Thomas,Ofertas montura + cristales,Marca Propia,,59.0
255,Greyhounders,Lei,Ofertas montura + cristales,Marca Propia,,29.0
256,Greyhounders,Saffron,Ofertas montura + cristales,Marca Propia,,39.0
257,Greyhounders,Logan,Ofertas montura + cristales,Marca Propia,,49.0
258,Greyhounders,Adley,Ofertas montura + cristales,Marca Propia,,49.0
259,Greyhounders,Ryan,Ofertas montura + cristales,Marca Propia,,49.0
260,Greyhounders,Hyde,Ofertas montura + cristales,Marca Propia,,39.0
261,Greyhounders,Michelle Blue,Ofertas montura + cristales,Marca Propia,,29.0
262,Greyhounders,Elton,Ofertas montura + cristales,Marca Propia,,39.0
263,Greyhounders,Nala,Ofertas montura + cristales,Marca Propia,,39.0
264,Greyhounders,Mel,Ofertas montura + cristales,Marca Propia,,59.0
265,Greyhounders,Celeste,Ofertas montura + cristales,Marca Propia,,39.0
266,Greyhounders,June,Ofertas montura + cristales,Marca Propia,,59.0
267,Greyhounders,Dylan,Ofertas montura + cristales,Marca Propia,,59.0
268,Greyhounders,Charles,Ofertas montura + cristales,Marca Propia,,29.0
269,Greyhounders,Woody,Ofertas montura + cristales,Marca Propia,,39.0
270,Greyhounders,Marcel,Ofertas montura + cristales,Marca Propia,,29.0
271,Greyhounders,Karma,Ofertas montura + cristales,Marca Propia,,39.0
272,Greyhounders,Hana,Ofertas montura + cristales,Marca Propia,,29.0
273,Greyhounders,Miley,Ofertas montura + cristales,Marca Propia,,29.0
274,Greyhounders,Yuzu,Ofertas montura + cristales,Marca Propia,,39.0
275,Greyhounders,Lentillas Biofinity Mensual (6 lentillas),Lentes de contacto,Biofinty,Mensual,19.46
276,Greyhounders,Lentillas MyDay diarias (60 lentillas),Lentes de contacto,MyDay,Diarias,33.09
277,Greyhounders,Lentillas Biofinity Toric Mensual (6 lentillas),Lentes de contacto,Biofinty,Mensual,34.85
278,Greyhounders,Lentillas Biofinity Toric XR Mensual (6 lentillas),Lentes de contacto,Biofinty,Mensual,64.52
279,Greyhounders,Lentillas MyDay Toric diarias (60 lentillas),Lentes de contacto,MyDay,Diarias,47.52
280,Greyhounders,Hidro Health HA,Líquidos,Disop,,3.9
281,Greyhounders,Comfort Drops,Líquidos,CooperVision,,6.9
282,Opticalia,ANDERSSON,Ofertas montura + cristales,Custo Barcelona,,"109,90 €"
283,Opticalia,PATSY,Ofertas montura + cristales,Custo Barcelona,,"109,90 €"
284,Opticalia,RYTHM,Ofertas montura + cristales,Custo Barcelona,,"109,90 €"
285,Opticalia,ABBA,Ofertas montura + cristales,Custo Barcelona,,"109,90 €"
286,Opticalia,GAYNOR,Ofertas montura + cristales,Custo Barcelona,,"109,90 €"
287,Opticalia,DIRK,Ofertas montura + cristales,Custo Barcelona,,"109,90 €"
288,Opticalia,VINYL,Ofertas montura + cristales,Custo Barcelona,,"109,90 €"
289,Opticalia,GLITTER,Ofertas montura + cristales,Custo Barcelona,,"109,90 €"
290,Opticalia,DONNA,Ofertas montura + cristales,Custo Barcelona,,"109,90 €"
291,Opticalia,BARCELO,Ofertas montura + cristales,Custo Barcelona,,"119,90 €"
292,Opticalia,REGO,Ofertas montura + cristales,Custo Barcelona,,"119,90 €"
293,Opticalia,SOROLLA,Ofertas montura + cristales,Custo Barcelona,,"119,90 €"
294,Opticalia,MURILLO,Ofertas montura + cristales,Custo Barcelona,,"119,90 €"
295,Opticalia,BASQUIAT,Ofertas montura + cristales,Custo Barcelona,,"119,90 €"
296,Opticalia,BRAQUE,Ofertas montura + cristales,Custo Barcelona,,"119,90 €"
297,Opticalia,ALEGRE,Ofertas montura + cristales,Custo Barcelona,,"119,90 €"
298,Opticalia,MARMALADE,Ofertas montura + cristales,Custo Barcelona,,"119,90 €"
299,Opticalia,LYCA,Ofertas montura + cristales,Custo Barcelona,,"119,90 €"
300,Opticalia,CORONA,Ofertas montura + cristales,Custo Barcelona,,"119,90 €"
301,Opticalia,BONNIE,Ofertas montura + cristales,Custo Barcelona,,"119,90 €"
302,Opticalia,LYON,Ofertas montura + cristales,Mango,,"89,00 €"
303,Opticalia,DESTINYS,Ofertas montura + cristales,Mango,,"99,90 €"
304,Opticalia,PILOTS,Ofertas montura + cristales,Mango,,"99,90 €"
305,Opticalia,MCLAN,Ofertas montura + cristales,Mango,,"99,90 €"
306,Opticalia,BLUR,Ofertas montura + cristales,Mango,,"99,90 €"
307,Opticalia,DOUBT,Ofertas montura + cristales,Mango,,"99,90 €"
308,Opticalia,SMASHING,Ofertas montura + cristales,Mango,,"99,90 €"
309,Opticalia,BLINK,Ofertas montura + cristales,Mango,,"99,90 €"
310,Opticalia,OASIS,Ofertas montura + cristales,Mango,,"99,90 €"
311,Opticalia,STONE,Ofertas montura + cristales,Mango,,"99,90 €"
312,Opticalia,PIXIES,Ofertas montura + cristales,Mango,,"99,90 €"
313,Opticalia,PEARL,Ofertas montura + cristales,Mango,,"99,90 €"
314,Opticalia,NIMES,Ofertas montura + cristales,Mango,,"99,90 €"
315,Opticalia,LILA,Ofertas montura + cristales,Mango,,"99,90 €"
316,Opticalia,NANTES,Ofertas montura + cristales,Mango,,"99,90 €"
317,Opticalia,CANNES,Ofertas montura + cristales,Mango,,"99,90 €"
318,Opticalia,NIZA,Ofertas montura + cristales,Mango,,"99,90 €"
319,Opticalia,MONTPELLIER,Ofertas montura + cristales,Mango,,"99,90 €"
320,Opticalia,JACLYN,Ofertas montura + cristales,Mango,,"99,90 €"
321,Opticalia,JACK,Ofertas montura + cristales,Mango,,"99,90 €"
322,Opticalia,NAS,Ofertas montura + cristales,Pull & Bear,,"79,00 €"
323,Opticalia,PRIMAL,Ofertas montura + cristales,Pull & Bear,,"79,90 €"
324,Opticalia,OASIS,Ofertas montura + cristales,Pull & Bear,,"79,90 €"
325,Opticalia,VALENTINE,Ofertas montura + cristales,Pull & Bear,,"79,90 €"
326,Opticalia,BLAKE,Ofertas montura + cristales,Pull & Bear,,"79,90 €"
327,Opticalia,PIXIE,Ofertas montura + cristales,Pull & Bear,,"79,90 €"
328,Opticalia,BLUR,Ofertas montura + cristales,Pull & Bear,,"79,90 €"
329,Opticalia,VERVE,Ofertas montura + cristales,Pull & Bear,,"79,90 €"
330,Opticalia,MOGWAI,Ofertas montura + cristales,Pull & Bear,,"79,90 €"
331,Opticalia,SONIC,Ofertas montura + cristales,Pull & Bear,,"79,90 €"
332,Opticalia,NIRVANA,Ofertas montura + cristales,Pull & Bear,,"79,90 €"
333,Opticalia,ALANA,Ofertas montura + cristales,Pull & Bear,,"79,90 €"
334,Opticalia,LIZZIE,Ofertas montura + cristales,Pull & Bear,,"84,90 €"
335,Opticalia,NYJAH,Ofertas montura + cristales,Pull & Bear,,"84,90 €"
336,Opticalia,RONIE,Ofertas montura + cristales,Pull & Bear,,"84,90 €"
337,Opticalia,HOWK,Ofertas montura + cristales,Pull & Bear,,"84,90 €"
338,Opticalia,SMITH,Ofertas montura + cristales,Pull & Bear,,"84,90 €"
339,Opticalia,JAY,Ofertas montura + cristales,Pull & Bear,,"84,90 €"
340,Opticalia,TALIB,Ofertas montura + cristales,Pull & Bear,,"84,90 €"
341,Opticalia,JURASSIC,Ofertas montura + cristales,Pull & Bear,,"84,90 €"
342,Opticalia,LIA,Ofertas montura + cristales,Pedro del Hierro,,"109,90 €"
343,Opticalia,ANTONELLA,Ofertas montura + cristales,Pedro del Hierro,,"109,90 €"
344,Opticalia,SIMONET,Ofertas montura + cristales,Pedro del Hierro,,"119,90 €"
345,Opticalia,GUERMANTES,Ofertas montura + cristales,Pedro del Hierro,,"119,90 €"
346,Opticalia,JULES,Ofertas montura + cristales,Pedro del Hierro,,"119,90 €"
347,Opticalia,GUAITA,Ofertas montura + cristales,Pedro del Hierro,,"119,90 €"
348,Opticalia,MEAZZA,Ofertas montura + cristales,Pedro del Hierro,,"119,90 €"
349,Opticalia,ANGELO,Ofertas montura + cristales,Pedro del Hierro,,"119,90 €"
350,Opticalia,ALESSANDRO,Ofertas montura + cristales,Pedro del Hierro,,"119,90 €"
351,Opticalia,FIORELLA,Ofertas montura + cristales,Pedro del Hierro,,"119,90 €"
352,Opticalia,SCHIAVIO,Ofertas montura + cristales,Pedro del Hierro,,"119,90 €"
353,Opticalia,LORENZO,Ofertas montura + cristales,Pedro del Hierro,,"119,90 €"
354,Opticalia,GIOVANNI,Ofertas montura + cristales,Pedro del Hierro,,"119,90 €"
355,Opticalia,GINA,Ofertas montura + cristales,Pedro del Hierro,,"119,90 €"
356,Opticalia,ALESSIA,Ofertas montura + cristales,Pedro del Hierro,,"119,90 €"
357,Opticalia,CONSTANZA,Ofertas montura + cristales,Pedro del Hierro,,"119,90 €"
358,Opticalia,ENZO,Ofertas montura + cristales,Pedro del Hierro,,"119,90 €"
359,Opticalia,ORNELLA,Ofertas montura + cristales,Pedro del Hierro,,"119,90 €"
360,Opticalia,LEONARDO,Ofertas montura + cristales,Pedro del Hierro,,"119,90 €"
361,Opticalia,GABRIELLA,Ofertas montura + cristales,Pedro del Hierro,,"119,90 €"
362,Opticalia,GLENGARRY,Ofertas montura + cristales,Pepe Jeans,,"99,90 €"
363,Opticalia,PERTHSHIRE,Ofertas montura + cristales,Pepe Jeans,,"99,90 €"
364,Opticalia,THORNYLEE,Ofertas montura + cristales,Pepe Jeans,,"99,90 €"
365,Opticalia,GALLOWAY,Ofertas montura + cristales,Pepe Jeans,,"99,90 €"
366,Opticalia,ELIZABETH,Ofertas montura + cristales,Pepe Jeans,,"99,90 €"
367,Opticalia,DUNNET,Ofertas montura + cristales,Pepe Jeans,,"99,90 €"
368,Opticalia,CONTIN,Ofertas montura + cristales,Pepe Jeans,,"99,90 €"
369,Opticalia,AVIEMORE,Ofertas montura + cristales,Pepe Jeans,,"99,90 €"
370,Opticalia,ABERNETHY,Ofertas montura + cristales,Pepe Jeans,,"99,90 €"
371,Opticalia,PHILLIP,Ofertas montura + cristales,Pepe Jeans,,"99,90 €"
372,Opticalia,RIBBLE,Ofertas montura + cristales,Pepe Jeans,,"99,90 €"
373,Opticalia,SPEY,Ofertas montura + cristales,Pepe Jeans,,"99,90 €"
374,Opticalia,AVON,Ofertas montura + cristales,Pepe Jeans,,"99,90 €"
375,Opticalia,TWEED,Ofertas montura + cristales,Pepe Jeans,,"99,90 €"
376,Opticalia,MERSEY,Ofertas montura + cristales,Pepe Jeans,,"99,90 €"
377,Opticalia,SEVERN,Ofertas montura + cristales,Pepe Jeans,,"99,90 €"
378,Opticalia,TAMESIS,Ofertas montura + cristales,Pepe Jeans,,"99,90 €"
379,Opticalia,JUSTIN,Ofertas montura + cristales,Pepe Jeans,,"99,90 €"
380,Opticalia,OWEN,Ofertas montura + cristales,Pepe Jeans,,"99,90 €"
381,Opticalia,ABBY,Ofertas montura + cristales,Pepe Jeans,,"99,90 €"
382,Opticalia,FREDRIK,Ofertas montura + cristales,The Look,,"94,90 €"
383,Opticalia,ASTRID,Ofertas montura + cristales,The Look,,"94,90 €"
384,Opticalia,ANIKA,Ofertas montura + cristales,The Look,,"94,90 €"
385,Opticalia,FILIPPA,Ofertas montura + cristales,The Look,,"94,90 €"
386,Opticalia,KATRINA,Ofertas montura + cristales,The Look,,"94,90 €"
387,Opticalia,ELGA,Ofertas montura + cristales,The Look,,"94,90 €"
388,Opticalia,BRITA,Ofertas montura + cristales,The Look,,"94,90 €"
389,Opticalia,ERIC,Ofertas montura + cristales,The Look,,"94,90 €"
390,Opticalia,AXEL,Ofertas montura + cristales,The Look,,"94,90 €"
391,Opticalia,NILSA,Ofertas montura + cristales,The Look,,"94,90 €"
392,Opticalia,MATHILDA,Ofertas montura + cristales,The Look,,"94,90 €"
393,Opticalia,LISBET,Ofertas montura + cristales,The Look,,"94,90 €"
394,Opticalia,GUNNAR,Ofertas montura + cristales,The Look,,"94,90 €"
395,Opticalia,SOREN,Ofertas montura + cristales,The Look,,"94,90 €"
396,Opticalia,INGA,Ofertas montura + cristales,The Look,,"94,90 €"
397,Opticalia,DEANNA,Ofertas montura + cristales,The Look,,"99,90 €"
398,Opticalia,NICK,Ofertas montura + cristales,The Look,,"99,90 €"
399,Opticalia,RYDER,Ofertas montura + cristales,The Look,,"99,90 €"
400,Opticalia,ROURKE,Ofertas montura + cristales,The Look,,"99,90 €"
401,Opticalia,BAGGY,Ofertas montura + cristales,The Look,,"99,90 €"
402,Opticalia,VISTASOFT LENTES DIARIAS CONFORT ASFÉRICAS 90,Lentes de contacto,Marca Propia,Diario,49.95
403,Opticalia,VISTASOFT LENTES DIARIAS CONFORT ASFÉRICAS 30,Lentes de contacto,Marca Propia,Diario,20.95
404,Opticalia,VISTASOFT LENTES DIARIAS ASFÉRICAS 90,Lentes de contacto,Marca Propia,Diario,44.95
405,Opticalia,VISTASOFT LENTES DIARIAS ASFÉRICAS 30,Lentes de contacto,Marca Propia,Diario,18.95
406,Opticalia,1 DAY SILICONE MULTIFOCAL PREMIUM 30 (Adición Low),Lentes de contacto,Marca Propia,Diario,52.5
407,Opticalia,1 DAY SILICONE MULTIFOCAL PREMIUM 30 (Adición High),Lentes de contacto,Marca Propia,Diario,52.5
408,Opticalia,"1 DAY SILICONE TORIC PREMIUM 30 (Cilindro -2,25)",Lentes de contacto,Marca Propia,Diario,48.5
409,Opticalia,"1 DAY SILICONE TORIC PREMIUM 30 (Cilindro -1,75)",Lentes de contacto,Marca Propia,Diario,48.5
410,Opticalia,"1 DAY SILICONE TORIC PREMIUM 30 (Cilindro -1,25)",Lentes de contacto,Marca Propia,Diario,48.5
411,Opticalia,"1 DAY SILICONE TORIC PREMIUM 30 (Cilindro -0,75)",Lentes de contacto,Marca Propia,Diario,48.5
412,Opticalia,1 DAY SILICONE PREMIUM (90 uds),Lentes de contacto,Marca Propia,Diario,85.5
413,Opticalia,1 DAY SILICONE PREMIUM (30 uds),Lentes de contacto,Marca Propia,Diario,29.5
414,Opticalia,LENTES 1 DAY TORIC SILICONE -2.25 cilindro (30 uds),Lentes de contacto,Marca Propia,Diario,42.5
415,Opticalia,LENTES 1 DAY TORIC SILICONE -1.75 cilindro (30 uds),Lentes de contacto,Marca Propia,Diario,42.5
416,Opticalia,LENTES 1 DAY TORIC SILICONE -1.25 cilindro (30 uds),Lentes de contacto,Marca Propia,Diario,42.5
417,Opticalia,LENTES 1 DAY TORIC SILICONE -0.75 cilindro (30 uds),Lentes de contacto,Marca Propia,Diario,42.5
418,Opticalia,LENTES DIARIAS TORICAS 1.75 cilindro (30 uds),Lentes de contacto,Marca Propia,Diario,38.5
419,Opticalia,LENTES DIARIAS TORICAS -1.25 cilindro (30 uds ),Lentes de contacto,Marca Propia,Diario,38.5
420,Opticalia,LENTES DIARIAS TORICAS -0.75 cilindro (30 uds ),Lentes de contacto,Marca Propia,Diario,38.5
421,Opticalia,LENTES 1 DAY MULTIFOCAL SILICONE (30 uds),Lentes de contacto,Marca Propia,Diario,46.5
422,Opticalia,LENTES 1 DAY SILICONE(90 uds),Lentes de contacto,Marca Propia,Diario,65.5
423,Opticalia,LENTES 1 DAY SILICONE(30 uds),Lentes de contacto,Marca Propia,Diario,24.5
424,Opticalia,LENTES BIO TORIC -2.25 cilindro (3 uds),Lentes de contacto,Marca Propia,Mensual,38.0
425,Opticalia,LENTES INITIAL BIO MULTIFOCAL Low (6 uds),Lentes de contacto,Marca Propia,Mensual,75.5
426,Opticalia,LENTES INITIAL BIO MULTIFOCAL High (6 uds),Lentes de contacto,Marca Propia,Mensual,75.5
427,Opticalia,LENTES BIO MULTIFOCAL N (3 uds),Lentes de contacto,Marca Propia,Mensual,43.0
428,Opticalia,LENTES BIO MULTIFOCAL D (3 uds),Lentes de contacto,Marca Propia,Mensual,43.0
429,Opticalia,LENTES BIO DYNAMIC (3 uds),Lentes de contacto,Marca Propia,Mensual,30.0
430,Opticalia,LENTES BIO TORIC -1.75 cilindro (3 uds),Lentes de contacto,Marca Propia,Mensual,38.0
431,Opticalia,LENTES BIO TORIC -1.25 cilindro (3 uds),Lentes de contacto,Marca Propia,Mensual,38.0
432,Opticalia,LENTES BIO TORIC -0.75 cilindro (3 uds),Lentes de contacto,Marca Propia,Mensual,38.0
433,Opticalia,LENTES BIO (3 uds),Lentes de contacto,Marca Propia,Mensual,23.0
434,Opticalia,LENTES INITIAL BIO TORIC H20 -2.25 cilindro (6 uds),Lentes de contacto,Marca Propia,Mensual,65.5
435,Opticalia,LENTES INITIAL BIO TORIC H20 -1.75 cilindro (6 uds),Lentes de contacto,Marca Propia,Mensual,65.5
436,Opticalia,LENTES INITIAL BIO TORIC H20 -1.25 cilindro (6 uds),Lentes de contacto,Marca Propia,Mensual,65.5
437,Opticalia,LENTES INITIAL BIO TORIC H20 -0.75 cilindro (6 uds),Lentes de contacto,Marca Propia,Mensual,65.5
438,Opticalia,LENTES INITIAL BIO H20 (6 uds),Lentes de contacto,Marca Propia,Mensual,33.5
439,Opticalia,"ÚNICA CON HIALURONATO con packing, 350 ml. Con Portalentes",Líquidos,Marca Propia,,7.5
440,Opticalia,ÚNICA HERBAL 350ml. Con portalentes,Líquidos,Marca Propia,,10.0
441,Opticalia,PEROXIDO (250 ml),Líquidos,Marca Propia,,12.0
442,Opticalia,SOLUCIÓN SALINA (350 ml),Líquidos,Marca Propia,,6.0
443,Óptica Universitaria,BEO S179 C01,Ofertas montura + cristales,Marca Propia,,49.0
444,Óptica Universitaria,BEO 526 C1,Ofertas montura + cristales,Marca Propia,,49.0
445,Óptica Universitaria,KYPERS TONYA TNY001,Ofertas montura + cristales,Kypers,,49.0
446,Óptica Universitaria,KYPERS ENRIQUE ERQ001,Ofertas montura + cristales,Kypers,,49.0
447,Óptica Universitaria,BEO S182 C02,Ofertas montura + cristales,Marca Propia,,49.0
448,Óptica Universitaria,BEO S183 C03,Ofertas montura + cristales,Marca Propia,,49.0
449,Óptica Universitaria,BEO 525 C1,Ofertas montura + cristales,Marca Propia,,49.0
450,Óptica Universitaria,BEO 527 C2,Ofertas montura + cristales,Marca Propia,,49.0
451,Óptica Universitaria,KYPERS MIRANDA MRD001,Ofertas montura + cristales,Kypers,,49.0
452,Óptica Universitaria,KYPERS MIRANDA MRD002,Ofertas montura + cristales,Kypers,,49.0
453,Óptica Universitaria,KYPERS OLAF OLF001 ,Ofertas montura + cristales,Kypers,,49.0
454,Óptica Universitaria,KYPERS AGATTA AGT001,Ofertas montura + cristales,Kypers,,49.0
455,Óptica Universitaria,KYPERS ZITA ZTA002,Ofertas montura + cristales,Kypers,,49.0
456,Óptica Universitaria,KYPERS ZITA ZTA003,Ofertas montura + cristales,Kypers,,49.0
457,Óptica Universitaria,KYPERS HECTOR HCT002,Ofertas montura + cristales,Kypers,,49.0
458,Óptica Universitaria,KYPERS HECTOR HCT003,Ofertas montura + cristales,Kypers,,49.0
459,Óptica Universitaria,KYPERS POL POL003,Ofertas montura + cristales,Kypers,,49.0
460,Óptica Universitaria,BEO S182 C01,Ofertas montura + cristales,Marca Propia,,49.0
461,Óptica Universitaria,BEO S178 C01,Ofertas montura + cristales,Marca Propia,,49.0
462,Óptica Universitaria,BEO S179 C02,Ofertas montura + cristales,Marca Propia,,49.0
463,Óptica Universitaria,BEO 532 C01,Ofertas montura + cristales,Marca Propia,,49.0
464,Óptica Universitaria,BEO 533 C01,Ofertas montura + cristales,Marca Propia,,49.0
465,Óptica Universitaria,BEO 533 C03,Ofertas montura + cristales,Marca Propia,,49.0
466,Óptica Universitaria,BEO 533 C02,Ofertas montura + cristales,Marca Propia,,49.0
467,Óptica Universitaria,BEO 531 C01,Ofertas montura + cristales,Marca Propia,,49.0
468,Óptica Universitaria,BEO 529 C04,Ofertas montura + cristales,Marca Propia,,49.0
469,Óptica Universitaria,BEO 530 C03,Ofertas montura + cristales,Marca Propia,,49.0
470,Óptica Universitaria,BEO 525 C3,Ofertas montura + cristales,Marca Propia,,49.0
471,Óptica Universitaria,BEO 528 C2,Ofertas montura + cristales,Marca Propia,,49.0
472,Óptica Universitaria,BEO 534 C03,Ofertas montura + cristales,Marca Propia,,49.0
473,Óptica Universitaria,BEO S180 C02,Ofertas montura + cristales,Marca Propia,,49.0
474,Óptica Universitaria,EXIT ABC070 FP513,Ofertas montura + cristales,EXIT,,49.0
475,Óptica Universitaria,SCALPERS SINGAPUR 01,Ofertas montura + cristales,Scalpers,,79.0
476,Óptica Universitaria,SCALPERS SINGAPUR 02,Ofertas montura + cristales,Scalpers,,79.0
477,Óptica Universitaria,SCALPERS SINGAPUR 03 ,Ofertas montura + cristales,Scalpers,,79.0
478,Óptica Universitaria,SCALPERS YAKARTA 02,Ofertas montura + cristales,Scalpers,,79.0
479,Óptica Universitaria,SCALPERS ROMA 02,Ofertas montura + cristales,Scalpers,,79.0
480,Óptica Universitaria,EXIT OU030 FP488/N,Ofertas montura + cristales,EXIT,,32.0
481,Óptica Universitaria,POLAROID PLD D482/G 789,Ofertas montura + cristales,Polaroid,,69.0
482,Óptica Universitaria,POLAROID PLD 4143 S X 086 SP,Ofertas montura + cristales,Polaroid,,69.0
483,Óptica Universitaria,TOMMYHILFIGER TH 2017 S PJP KU,Ofertas montura + cristales,Tommy Hilfiger,,89.0
484,Óptica Universitaria,POLAROID PLD D486 J5G,Ofertas montura + cristales,Polaroid,,69.0
485,Óptica Universitaria,KYPERS KHADI KHD001,Ofertas montura + cristales,Kypers,,49.0
486,Óptica Universitaria,KYPERS MIRANDA MRD003,Ofertas montura + cristales,Kypers,,49.0
487,Óptica Universitaria,KYPERS ENRIQUE ERQ002,Ofertas montura + cristales,Kypers,,49.0
488,Óptica Universitaria,KYPERS ENRIQUE ERQ003,Ofertas montura + cristales,Kypers,,49.0
489,Óptica Universitaria,KYPERS THIAGO THG001,Ofertas montura + cristales,Kypers,,49.0
490,Óptica Universitaria,KYPERS THIAGO THG002,Ofertas montura + cristales,Kypers,,49.0
491,Óptica Universitaria,KYPERS THIAGO THG003,Ofertas montura + cristales,Kypers,,49.0
492,Óptica Universitaria,KYPERS MONIQUE MNQ001,Ofertas montura + cristales,Kypers,,49.0
493,Óptica Universitaria,KYPERS MONIQUE MNQ002,Ofertas montura + cristales,Kypers,,49.0
494,Óptica Universitaria,KYPERS MONIQUE MNQ003,Ofertas montura + cristales,Kypers,,49.0
495,Óptica Universitaria,KYPERS OLAF OLF003,Ofertas montura + cristales,Kypers,,49.0
496,Óptica Universitaria,KYPERS CIRO CRO003,Ofertas montura + cristales,Kypers,,49.0
497,Óptica Universitaria,KYPERS AGATTA AGT003,Ofertas montura + cristales,Kypers,,49.0
498,Óptica Universitaria,KYPERS AGATTA AGT004,Ofertas montura + cristales,Kypers,,49.0
499,Óptica Universitaria,KYPERS ZITA ZTA001,Ofertas montura + cristales,Kypers,,49.0
500,Óptica Universitaria,KYPERS HECTOR HCT001,Ofertas montura + cristales,Kypers,,49.0
501,Óptica Universitaria,BEO S182 C03,Ofertas montura + cristales,Marca Propia,,49.0
502,Óptica Universitaria,BEO S184 C2,Ofertas montura + cristales,Marca Propia,,49.0
503,Óptica Universitaria,BEO S184 C1,Ofertas montura + cristales,Marca Propia,,49.0
504,Óptica Universitaria,BEO S184 C3,Ofertas montura + cristales,Marca Propia,,49.0
505,Óptica Universitaria,BEO S183 C02,Ofertas montura + cristales,Marca Propia,,49.0
506,Óptica Universitaria,BEO S178 C02,Ofertas montura + cristales,Marca Propia,,49.0
507,Óptica Universitaria,BEO S181 C02,Ofertas montura + cristales,Marca Propia,,49.0
508,Óptica Universitaria,BEO S181 C03,Ofertas montura + cristales,Marca Propia,,49.0
509,Óptica Universitaria,BEO S179 C03,Ofertas montura + cristales,Marca Propia,,49.0
510,Óptica Universitaria,BEO 532 C02,Ofertas montura + cristales,Marca Propia,,49.0
511,Óptica Universitaria,BEO 532 C03,Ofertas montura + cristales,Marca Propia,,49.0
512,Óptica Universitaria,BEO 531 C02,Ofertas montura + cristales,Marca Propia,,49.0
513,Óptica Universitaria,BEO 531 C03,Ofertas montura + cristales,Marca Propia,,49.0
514,Óptica Universitaria,BEO 529 C02,Ofertas montura + cristales,Marca Propia,,49.0
515,Óptica Universitaria,BEO 529C 01,Ofertas montura + cristales,Marca Propia,,49.0
516,Óptica Universitaria,BEO 529 C03,Ofertas montura + cristales,Marca Propia,,49.0
517,Óptica Universitaria,BEO 530 C01,Ofertas montura + cristales,Marca Propia,,49.0
518,Óptica Universitaria,BEO 530 C02,Ofertas montura + cristales,Marca Propia,,49.0
519,Óptica Universitaria,BEO 530 C04,Ofertas montura + cristales,Marca Propia,,49.0
520,Óptica Universitaria,BEO 525 C2,Ofertas montura + cristales,Marca Propia,,49.0
521,Óptica Universitaria,BEO 528 C3,Ofertas montura + cristales,Marca Propia,,49.0
522,Óptica Universitaria,BEO 528 C1,Ofertas montura + cristales,Marca Propia,,49.0
523,Óptica Universitaria,BEO 527 C1,Ofertas montura + cristales,Marca Propia,,49.0
524,Óptica Universitaria,BEO 527 C3 ,Ofertas montura + cristales,Marca Propia,,49.0
525,Óptica Universitaria,BEO 526 C3,Ofertas montura + cristales,Marca Propia,,49.0
526,Óptica Universitaria,BEO 534 C01,Ofertas montura + cristales,Marca Propia,,49.0
527,Óptica Universitaria,BEO 534 C02,Ofertas montura + cristales,Marca Propia,,49.0
528,Óptica Universitaria,BEO S180 C03,Ofertas montura + cristales,Marca Propia,,49.0
529,Óptica Universitaria,BEO S180 C01,Ofertas montura + cristales,Marca Propia,,49.0
530,Óptica Universitaria,EXIT JIL023 FP406,Ofertas montura + cristales,EXIT,,49.0
531,Óptica Universitaria,EXIT JIL023 FP382,Ofertas montura + cristales,EXIT,,49.0
532,Óptica Universitaria,EXIT JIL023 FP476,Ofertas montura + cristales,EXIT,,49.0
533,Óptica Universitaria,EXIT ABC070 FP495,Ofertas montura + cristales,EXIT,,49.0
534,Óptica Universitaria,EXIT ABC069 FP494,Ofertas montura + cristales,EXIT,,49.0
535,Óptica Universitaria,EXIT ABC068 FP428,Ofertas montura + cristales,EXIT,,49.0
536,Óptica Universitaria,EXIT ABC068 FP287,Ofertas montura + cristales,EXIT,,49.0
537,Óptica Universitaria,EXIT JIL005 FP515,Ofertas montura + cristales,EXIT,,49.0
538,Óptica Universitaria,EXIT JIL005 FP382 ,Ofertas montura + cristales,EXIT,,49.0
539,Óptica Universitaria,EXIT ABC068 FP494,Ofertas montura + cristales,EXIT,,49.0
540,Óptica Universitaria,SCALPERS SINGAPUR 04,Ofertas montura + cristales,Scalpers,,79.0
541,Óptica Universitaria,SCALPERS MANILA 01,Ofertas montura + cristales,Scalpers,,79.0
542,Óptica Universitaria,SCALPERS MANILA 03,Ofertas montura + cristales,Scalpers,,79.0
543,Óptica Universitaria,SCALPERS MANILA 02,Ofertas montura + cristales,Scalpers,,79.0
544,Óptica Universitaria,SCALPERS MANILA 04,Ofertas montura + cristales,Scalpers,,79.0
545,Óptica Universitaria,SCALPERS BOMBAY 01,Ofertas montura + cristales,Scalpers,,79.0
546,Óptica Universitaria,SCALPERS BOMBAY 02,Ofertas montura + cristales,Scalpers,,79.0
547,Óptica Universitaria,SCALPERS BOMBAY 03,Ofertas montura + cristales,Scalpers,,79.0
548,Óptica Universitaria,SCALPERS YAKARTA 03,Ofertas montura + cristales,Scalpers,,79.0
549,Óptica Universitaria,SCALPERS YAKARTA 01,Ofertas montura + cristales,Scalpers,,79.0
550,Óptica Universitaria,SCALPERS ROMA 04 ,Ofertas montura + cristales,Scalpers,,79.0
551,Óptica Universitaria,SCALPERS ROMA 03,Ofertas montura + cristales,Scalpers,,79.0
552,Óptica Universitaria,EXIT OU27 FP406/B,Ofertas montura + cristales,EXIT,,32.0
553,Óptica Universitaria,EXIT OU27 FP010M/A,Ofertas montura + cristales,EXIT,,32.0
554,Óptica Universitaria,EXIT OU27 FP476/C,Ofertas montura + cristales,EXIT,,32.0
555,Óptica Universitaria,EXIT OU27 FP020/A,Ofertas montura + cristales,EXIT,,32.0
556,Óptica Universitaria,EXIT OU030 FP522/A,Ofertas montura + cristales,EXIT,,32.0
557,Óptica Universitaria,EXIT OU030 FP476/A,Ofertas montura + cristales,EXIT,,32.0
558,Óptica Universitaria,EXIT OU27 FP474M/A,Ofertas montura + cristales,EXIT,,32.0
559,Óptica Universitaria,EXIT OU034 FP523M/B,Ofertas montura + cristales,EXIT,,32.0
560,Óptica Universitaria,EXIT OU034 FP515M,Ofertas montura + cristales,EXIT,,32.0
561,Óptica Universitaria,EXIT OU034 FP492M,Ofertas montura + cristales,EXIT,,32.0
562,Óptica Universitaria,EXIT OU034 FP010M,Ofertas montura + cristales,EXIT,,32.0
563,Óptica Universitaria,EXIT OU034 FP438M,Ofertas montura + cristales,EXIT,,32.0
564,Óptica Universitaria,EXIT OU030 FP010,Ofertas montura + cristales,EXIT,,32.0
565,Óptica Universitaria,EXIT OU030 FP489/C,Ofertas montura + cristales,EXIT,,32.0
566,Óptica Universitaria,CARRERA CA 8885 XW0,Ofertas montura + cristales,Carrera,,79.0
567,Óptica Universitaria,CARRERA CA 307 2M2,Ofertas montura + cristales,Carrera,,91.25
568,Óptica Universitaria,CARRERA CA 8886 OIT,Ofertas montura + cristales,Carrera,,79.0
569,Óptica Universitaria,POLAROID PLD 4143 S X PJP M9,Ofertas montura + cristales,Polaroid,,69.0
570,Óptica Universitaria,TOMMY HILFIGER TH 2007 46C,Ofertas montura + cristales,Tommy Hilfiger,,89.0
571,Óptica Universitaria,TOMMY HILFIGER TH 1997 PJP ,Ofertas montura + cristales,Tommy Hilfiger,,89.0
572,Óptica Universitaria,POLAROID PLD 4145 S X 086 UC,Ofertas montura + cristales,Polaroid,,69.0
573,Óptica Universitaria,CARRERA CA 2044T LHF,Ofertas montura + cristales,Carrera,,79.0
574,Óptica Universitaria,CARRERA CA 2044T O63,Ofertas montura + cristales,Carrera,,79.0
575,Óptica Universitaria,CARRERA CA 2045T 7ZJ,Ofertas montura + cristales,Carrera,,79.0
576,Óptica Universitaria,POLAROID D482 086,Ofertas montura + cristales,Polaroid,,69.0
577,Óptica Universitaria,TOMMY HILFIGER TH 1999 79U ,Ofertas montura + cristales,Tommy Hilfiger,,89.0
578,Óptica Universitaria,POLAROID PLD D488 G,Ofertas montura + cristales,Polaroid,,69.0
579,Óptica Universitaria,TOMMY HILFIGER TH 1998 003,Ofertas montura + cristales,Tommy Hilfiger,,89.0
580,Óptica Universitaria,POLAROID PLD D486 FLL,Ofertas montura + cristales,Polaroid,,65.9
581,Óptica Universitaria,POLAROID PLD D484 MU1,Ofertas montura + cristales,Polaroid,,69.0
582,Óptica Universitaria,POLAROID PLD 4145 S X PJP M9,Ofertas montura + cristales,Polaroid,,69.0
583,Óptica Universitaria,POLAROID PLD D482 807,Ofertas montura + cristales,Polaroid,,69.0
584,Óptica Universitaria,CARRERA CA 8886 R6S,Ofertas montura + cristales,Carrera,,79.0
585,Óptica Universitaria,POLAROID PLD D490 789,Ofertas montura + cristales,Polaroid,,69.0
586,Óptica Universitaria,TOMMY HILFIGER TH 2007 WA6,Ofertas montura + cristales,Tommy Hilfiger,,89.0
587,Óptica Universitaria,POLAROID PLD D490 J5G ,Ofertas montura + cristales,Polaroid,,69.0
588,Óptica Universitaria,POLAROID PLD D490 G DDB,Ofertas montura + cristales,Polaroid,,69.0
589,Óptica Universitaria,POLAROID PLD 4144 S X 086 SP,Ofertas montura + cristales,Polaroid,,69.0
590,Óptica Universitaria,TOMMYHILFIGER TH 2017 S 086 70,Ofertas montura + cristales,Tommy Hilfiger,,89.0
591,Óptica Universitaria,TOMMY HILFIGER TH 1997 003,Ofertas montura + cristales,Tommy Hilfiger,,89.0
592,Óptica Universitaria,CARRERA CA 2044T 10A,Ofertas montura + cristales,Carrera,,79.0
593,Óptica Universitaria,CARRERA CA 307 003,Ofertas montura + cristales,Carrera,,79.0
594,Óptica Universitaria,POLAROID PLD 4144 S X B3V KL,Ofertas montura + cristales,Polaroid,,69.0
595,Óptica Universitaria,POLAROID PLD D488 09V,Ofertas montura + cristales,Polaroid,,69.0
596,Óptica Universitaria,POLAROID PLD 4144 S X 807 M9,Ofertas montura + cristales,Polaroid,,69.0
597,Óptica Universitaria,TOMMY HILFIGER TH 2007 086 ,Ofertas montura + cristales,Tommy Hilfiger,,89.0
598,Óptica Universitaria,CARRERA CA 307 LOJ,Ofertas montura + cristales,Carrera,,79.0
599,Óptica Universitaria,CARRERA CA 2045T PJP,Ofertas montura + cristales,Carrera,,79.0
600,Óptica Universitaria,TOMMY HILFIGER TH 1997 4WC,Ofertas montura + cristales,Tommy Hilfiger,,69.0
601,Óptica Universitaria,TOMMY HILFIGER TH 2007 807,Ofertas montura + cristales,Tommy Hilfiger,,89.0
602,Óptica Universitaria,POLAROID PLD 4145 S X 807 M9,Ofertas montura + cristales,Polaroid,,69.0
603,Óptica Universitaria,TOMMYHILFIGER TH2017 S 807 IR,Ofertas montura + cristales,Tommy Hilfiger,,89.0
604,Óptica Universitaria,CARRERA CA 2045T 8LZ,Ofertas montura + cristales,Carrera,,79.0
605,Óptica Universitaria,TOMMY HILFIGER TH 2008 46C,Ofertas montura + cristales,Tommy Hilfiger,,89.0
606,Óptica Universitaria,TOMMY HILFIGER TH 1999 003,Ofertas montura + cristales,Tommy Hilfiger,,89.0
607,Óptica Universitaria,TOMMY HILFIGER TH 2008 WA6,Ofertas montura + cristales,Tommy Hilfiger,,89.0
608,Óptica Universitaria,POLAROID PLD 4143 S X 807 M9,Ofertas montura + cristales,Polaroid,,69.0
609,Óptica Universitaria,TOMMY HILFIGER TH 2008 086,Ofertas montura + cristales,Tommy Hilfiger,,89.0
610,Óptica Universitaria,POLAROID PLD D485 G FLL,Ofertas montura + cristales,Polaroid,,69.0
611,Óptica Universitaria,TOMMY HILFIGER TH 1981 FWM QT,Ofertas montura + cristales,Tommy Hilfiger,,89.0
612,Óptica Universitaria,CARRERA CA 8885 R6S,Ofertas montura + cristales,Carrera,,79.0
613,Óptica Universitaria,CARRERA CA 8886 PJP BLUE,Ofertas montura + cristales,Carrera,,79.0
614,Óptica Universitaria,CARRERA CA 2044T 807,Ofertas montura + cristales,Carrera,,79.0
615,Óptica Universitaria,POLAROID PLD D488 807,Ofertas montura + cristales,Polaroid,,69.0
616,Óptica Universitaria,TOMMY HILFIGER TH 1999 PJP,Ofertas montura + cristales,Tommy Hilfiger,,89.0
617,Óptica Universitaria,TOMMY HILFIGER TH 1998 FLL,Ofertas montura + cristales,Tommy Hilfiger,,89.0
618,Óptica Universitaria,POLAROID PLD D490 010,Ofertas montura + cristales,Polaroid,,69.0
619,Óptica Universitaria,TOMMY HILFIGER TH 1981 S 086 70,Ofertas montura + cristales,Tommy Hilfiger,,89.0
620,Óptica Universitaria,POLAROID PLD D484 086,Ofertas montura + cristales,Polaroid,,69.0
621,Óptica Universitaria,POLAROID PLD D484 807,Ofertas montura + cristales,Polaroid,,69.0
622,Óptica Universitaria,CARRERA CA 8885 BLX,Ofertas montura + cristales,Carrera,,79.0
623,Óptica Universitaria,POLAROID PLD D485 KJ1,Ofertas montura + cristales,Polaroid,,69.0
624,Óptica Universitaria,TOMMY HILFIGER TH 2008 GWM,Ofertas montura + cristales,Tommy Hilfiger,,89.0
625,Óptica Universitaria,TOMMY HILFIGER TH 1981 S S3S IR,Ofertas montura + cristales,Tommy Hilfiger,,89.0
626,Óptica Universitaria,PRECISION1™ 30 UNIDADES DIARIA,Lentes de Contacto,Precision1,Diarias,22.5
627,Óptica Universitaria,LENTSOFT DIARIA HIDROGEL ASTIGMATISMO 30 UNIDADES,Lentes de Contacto,Marca Propia,Diarias,25.0
628,Óptica Universitaria,DAILIES™ AQUACOMFORT™ PLUS 30 UNIDADES DIARIA,Lentes de Contacto,Dailies,Diarias,26.0
629,Óptica Universitaria,DAILIES™ AQUACOMFORT™ PLUS 90 UNIDADES DIARIA,Lentes de Contacto,Dailies,Diarias,75.0
630,Óptica Universitaria,DAILIES™ AQUACOMFORT™ PLUS MULTIFOCAL 30 UNIDADES DIARIA,Lentes de Contacto,Dailies,Diarias,33.0
631,Óptica Universitaria,DAILIES™ TOTAL1™ 30 UNIDADES DIARIAS,Lentes de Contacto,total 30,Diarias,33.5
632,Óptica Universitaria,DAILIES™ TOTAL1™ 90 UNIDADES DIARIAS,Lentes de Contacto,total 30,Diarias,80.0
633,Óptica Universitaria,LENTSOFT DIARIA SILICONA 30 UNIDADES,Lentes de Contacto,Marca Propia,Diarias,17.0
634,Óptica Universitaria,ACUVUE® OASYS MAX 1-Day 30 UNIDADES,Lentes de Contacto,Acuvue,Diarias,35.0
635,Óptica Universitaria,PRECISION1™ ASTIGMATISMO 30 UNIDADES DIARIA,Lentes de Contacto,Precision1,Diarias,34.0
636,Óptica Universitaria,PRECISION1™ ASTIGMATISMO 90 UNIDADES DIARIA,Lentes de Contacto,Precision1,Diarias,95.0
637,Óptica Universitaria,1-DAY™ ACUVUE™ OASYS ASTIGMATISMO 90 UNIDADES DIARIA,Lentes de Contacto,Acuvue,Diarias,80.0
638,Óptica Universitaria,LENTSOFT DIARIA HIDROGEL MULTIFOCAL 30 UNIDADES,Lentes de Contacto,Marca Propia,Diarias,29.0
639,Óptica Universitaria,PRECISION1™ 90 UNIDADES DIARIA,Lentes de Contacto,Precision1,Diarias,67.0
640,Óptica Universitaria,MyDay™ MULTIFOCAL 30 UNIDADES,Lentes de Contacto,Biofinity,Diarias,49.0
641,Óptica Universitaria,DAILIES™ AQUACOMFORT™ PLUS ASTIGMATISMO 90 UNIDADES DIARIA,Lentes de Contacto,Dailies,Diarias,85.0
642,Óptica Universitaria,DAILIES™ AQUACOMFORT™ PLUS MULTIFOCAL 90 UNIDADES DIARIA,Lentes de Contacto,Dailies,Diarias,95.0
643,Óptica Universitaria,LENTSOFT DIARIA CONFORT+ SILICONA 30 UNIDADES,Lentes de Contacto,Marca Propia,Diarias,19.0
644,Óptica Universitaria,LENTSOFT DIARIA CONFORT+ SILICONA ASTIGMATISMO 30 UNIDADES,Lentes de Contacto,Marca Propia,Diarias,31.0
645,Óptica Universitaria,LENTSOFT DIARIA CONFORT+ SILICONA MULTIFOCAL 30 UNIDADES,Lentes de Contacto,Marca Propia,Diarias,33.0
646,Óptica Universitaria,DAILIES™ TOTAL1™ ASTIGMATISMO 30 UNIDADES DIARIAS,Lentes de Contacto,total 30,Diarias,49.0
647,Óptica Universitaria,DAILIES™ TOTAL1™ ASTIGMATISMO 90 UNIDADES DIARIAS,Lentes de Contacto,total 30,Diarias,127.0
648,Óptica Universitaria,ACUVUE® OASYS MAX MULTIFOCAL 1-Day 30 UNIDADES ,Lentes de Contacto,Acuvue,Diarias,44.0
649,Óptica Universitaria,LENTSOFT DIARIA HIDROGEL 90 UNIDADES (3x30 UNIDADES),Lentes de Contacto,Marca Propia,Diarias,44.0
650,Óptica Universitaria,AIR OPTIX™ PLUS HYDRAGLYDE™ 6 UNIDADES MENSUAL,Lentes de Contacto,Air Optix,Mensual,31.0
651,Óptica Universitaria,AIR OPTIX™ PLUS HYDRAGLYDE™ ASTIGMATISMO 6 UNIDADES MENSUAL,Lentes de Contacto,Air Optix,Mensual,59.0
652,Óptica Universitaria,LENTSOFT MENSUAL CONFORT+ SILICONA ASTIGMATISMO 6 UNIDADES,Lentes de Contacto,Marca Propia,Mensual,49.0
653,Óptica Universitaria,LENTSOFT MENSUAL CONFORT+ SILICONA MULTIFOCAL 6 UNIDADES,Lentes de Contacto,Marca Propia,Mensual,49.0
654,Óptica Universitaria,LENTSOFT MENSUAL SILICONA 6 UNIDADES,Lentes de Contacto,Marca Propia,Mensual,27.0
655,Óptica Universitaria,LENTSOFT MENSUAL SILICONA ASTIGMATISMO 6 UNIDADES,Lentes de Contacto,Marca Propia,Mensual,49.0
656,Óptica Universitaria,LENTSOFT MENSUAL CONFORT+ SILICONA 6 UNIDADES,Lentes de Contacto,Marca Propia,Mensual,29.0
657,Óptica Universitaria,LENTSOFT MENSUAL SILICONA MULTIFOCAL XR 6 UDS,Lentes de Contacto,Marca Propia,Mensual,84.0
658,Óptica Universitaria,LENTSOFT MENSUAL SILICONA  MULTIFOCAL ASTIGMATISMO XR 6 UDS,Lentes de Contacto,Marca Propia,Mensual,89.0
659,Óptica Universitaria,LENTSOFT MENSUAL SILICONA XR 6 UNIDADES,Lentes de Contacto,Marca Propia,Mensual,68.0
660,Óptica Universitaria,LENTSOFT MENSUAL SILICONA ASTIGMATISMO XR 6 UDS,Lentes de Contacto,Marca Propia,Mensual,84.0
661,Óptica Universitaria,LENTSOFT MENSUAL HIDROGEL ASTIGMATISMO 6 uni.,Lentes de Contacto,Marca Propia,Mensual,44.0
662,Óptica Universitaria,LENTSOFT MENSUAL HIDROGEL 6 uni.,Lentes de Contacto,Marca Propia,Mensual,19.0
663,Óptica Universitaria,BIOFINITY™ XR ASTIGMATISMO MULTIFOCAL 3 UNIDADES MENSUAL,Lentes de Contacto,Biofinity,Mensual,59.0
664,Óptica Universitaria,BIOFINITY™ 6 UNIDADES MENSUAL,Lentes de Contacto,Biofinity,Mensual,37.0
665,Óptica Universitaria,BIOFINITY ASTIGMATISMO 6 UNIDADES MENSUAL,Lentes de Contacto,Biofinity,Mensual,59.0
666,Óptica Universitaria,AIR OPTIX™ PLUS HYDRAGLYDE™ MULTIFOCAL 6 UNIDADES MENSUAL,Lentes de Contacto,Air Optix,Mensual,59.0
667,Óptica Universitaria,ACUVUE™ VITA ASTIGMATISM 6 UNIDADES MENSUAL,Lentes de Contacto,Acuvue,Mensual,50.0
668,Óptica Universitaria,LENTSOFT MENSUAL SILICONA MULTIFOCAL 6 UNIDADES,Lentes de Contacto,Marca Propia,Mensual,49.0
669,Óptica Universitaria,FRESHLOOK™ COLORBLENDS™ 2 UNIDADES MENSUAL,Lentes de Contacto,Freshlook,Mensual,22.0
670,Óptica Universitaria,AIR OPTIX™ COLORS GRADUADO 2 UNIDADES MENSUAL,Lentes de Contacto,Air Optix colors,Mensual,28.0
671,Óptica Universitaria,AIR OPTIX™ COLORS 2 UNIDADES MENSUAL,Lentes de Contacto,Air Optix colors,Mensual,28.0
672,Óptica Universitaria,ACUVUE™ VITA 6 UNIDADES MENSUAL,Lentes de Contacto,Acuvue,Mensual,32.0
673,Óptica Universitaria,LENTILLA GRADUADA FANTASIA RX 1 UNIDAD MENSUAL,Lentes de Contacto,Servilens,Mensual,22.0
674,Óptica Universitaria,DAILIES™ AQUACOMFORT™ PLUS ASTIGMATISMO 30 UNIDADES DIARIA,Lentes de Contacto,Dailies,Diarias,29.0
675,Óptica Universitaria,LENTSOFT DIARIA HIDROGEL 30 UNIDADES,Lentes de Contacto,Marca Propia,Diarias,15.9
676,Óptica Universitaria,1-DAY™ ACUVUE™ MOIST 30 UNIDADES DIARIA,Lentes de Contacto,Acuvue,Diarias,24.0
677,Óptica Universitaria,1-DAY™ ACUVUE™ MOIST 90 UNIDADES DIARIA,Lentes de Contacto,Acuvue,Diarias,65.0
678,Óptica Universitaria,1-DAY™ ACUVUE™ OASYS 30 UNIDADES DIARIA,Lentes de Contacto,Acuvue,Diarias,30.0
679,Óptica Universitaria,1-DAY™ ACUVUE™ OASYS 90 UNIDADES DIARIA,Lentes de Contacto,Acuvue,Diarias,74.0
680,Óptica Universitaria,LENTSOFT DIARIA SILICONA ASTIGMATISMO 30 UNIDADES,Lentes de Contacto,Marca Propia,Diarias,31.0
681,Óptica Universitaria,LENTSOFT DIARIA SILICONA MULTIFOCAL 30 UNIDADES,Lentes de Contacto,Marca Propia,Diarias,36.0
682,Óptica Universitaria,1-DAY™ ACUVUE™ MOIST ASTIGMATISMO 30 UNIDADES DIARIA,Lentes de Contacto,Acuvue,Diarias,31.0
683,Óptica Universitaria,1-DAY™ ACUVUE™ OASYS ASTIGMATISMO 30 UNIDADES DIARIA,Lentes de Contacto,Acuvue,Diarias,36.0
684,Óptica Universitaria,1-DAY™ ACUVUE™ MOIST ASTIGMATISMO 90 UNIDADES DIARIA,Lentes de Contacto,Acuvue,Diarias,76.0
685,Óptica Universitaria,1-DAY™ ACUVUE™ MOIST MULTIFOCAL 30 UNIDADES DIARIA,Lentes de Contacto,Acuvue,Diarias,33.0
686,Óptica Universitaria,1-DAY™ ACUVUE™ MOIST MULTIFOCAL 90 UNIDADES DIARIA,Lentes de Contacto,Acuvue,Diarias,79.0
687,Óptica Universitaria,LENTILLAS FANTASIA CRAZY LENS 2 UNIDADES SEMANAL,Lentes de Contacto,Disop,Diarias,15.0
688,Óptica Universitaria,TOTAL30™ SILICONA 6 UNIDADES MENSUAL,Lentes de Contacto,total 30,Mensual,45.0
689,Óptica Universitaria,ACUVUE™ OASYS MULTIFOCAL 6 UNIDADES Quincenales,Lentes de Contacto,Acuvue,Quincenal,45.0
690,Óptica Universitaria,ACUVUE™ OASYS TRANSITIONS 6 UNIDADES QUINCENALES FOTOCROMATICAS,Lentes de Contacto,Acuvue,Quincenal,39.0
691,Óptica Universitaria,ACUVUE™ OASYS 12 UNIDADES QUINCENALES,Lentes de Contacto,Acuvue,Quincenal,45.0
692,Óptica Universitaria,ACUVUE™ OASYS 6 UNIDADES Quincenales,Lentes de Contacto,Acuvue,Quincenal,29.0
693,Óptica Universitaria,ACUVUE™ OASYS ASTIGMATISMO 6 UNIDADES QUINCENALES,Lentes de Contacto,Acuvue,Quincenal,34.0
694,Óptica Universitaria,BOSTON LIMPIADOR 30 ml.,Líquidos,Boston,,7.5
695,Óptica Universitaria,BOSTON SIMPLUS 120 ML,Líquidos,Boston,,9.0
696,Óptica Universitaria,HUMECTANTE ACONDICIONADOR BOSTON 120 ml.,Líquidos,Boston,,8.5
697,Óptica Universitaria,HIDRO HEALTH SiH 360 ML,Líquidos,Disop,,7.5
698,Óptica Universitaria,ACUAISS BAÑO OCULAR 100 ML,Líquidos,Disop,,5.0
699,Óptica Universitaria,ENZIMAS NACLENS 10 TABLETAS,Líquidos,Disop,,6.25
700,Óptica Universitaria,OPTI-FREE EXPRESS 355 ML.,Líquidos,Opti-Free,,8.9
701,Óptica Universitaria,OPTI-FREE PUREMOIST 300 ML,Líquidos,Opti-Free,,13.5
702,Óptica Universitaria,RENU MULTIPLUS 500 ml,Líquidos,Renu,,10.5
703,Óptica Universitaria,SYSTANE™ TOALLITAS PARA LIMPIEZA OCULAR HIPOALERGENICAS 30 UNIDADES,Líquidos,Systane,,15.0
704,Óptica Universitaria,SYSTANE™ COMPLETE - GOTAS OFTALOMICAS SIN CONSERVANTES 10ML.,Líquidos,Systane,,13.0
705,Óptica Universitaria,SYSTANE™ ULTRA 10 ml.,Líquidos,Systane,,11.0
706,Óptica Universitaria,SYSTANE™ ULTRA MONODOSIS 30 UNIDADES SIN CONSERVANTES,Líquidos,Systane,,11.0
707,Óptica Universitaria,SYSTANE™ GEL DROPS 10 ML.,Líquidos,Systane,,11.0
708,Óptica Universitaria,LENTSOFT SOLUCIÓN ÚNICA 360 ML,Líquidos,Marca Propia,,4.5
709,Óptica Universitaria,LENTSOFT MONODOSIS (20 X 0.35ml),Líquidos,Marca Propia,,5.5
710,Óptica Universitaria,LENTSOFT 100 ML (VIAJE),Líquidos,Marca Propia,,2.5
711,Óptica Universitaria,LENTSOFT GOTAS HUMECTANTES 6ML ,Líquidos,Marca Propia,,4.5
712,Óptica Universitaria,LENTSOFT SOLUCIÓN UNICA HIDRATANTE 360 ML,Líquidos,Marca Propia,,6.5
713,Óptica Universitaria,LENTSOFT SOLUCIÓN ÚNICA HIDRATANTE 100 ML,Líquidos,Marca Propia,,3.5
714,Óptica Universitaria,LENTSOFT SOLUCIÓN PERÓXIDO 250 ML,Líquidos,Marca Propia,,6.5
715,Óptica Universitaria,LENTSOFT SOLUCION SALINA 360 ML,Líquidos,Marca Propia,,3.0
